{"fnsz": {"bckg": {"precision": 0.9419907712590639, "recall": 0.6888406845022897, "f1-score": 0.7957677850480301, "support": 4149}, "fnsz": {"precision": 0.8004636785162288, "recall": 0.9671335200746966, "f1-score": 0.8759408033826638, "support": 5355}, "accuracy": 0.8456439393939394, "macro avg": {"precision": 0.8712272248876464, "recall": 0.8279871022884931, "f1-score": 0.835854294215347, "support": 9504}, "weighted avg": {"precision": 0.8622477597230914, "recall": 0.8456439393939394, "f1-score": 0.840941029280139, "support": 9504}}, "gnsz": {"bckg": {"precision": 0.8027757487216947, "recall": 0.2065401240368352, "f1-score": 0.3285500747384156, "support": 5321}, "gnsz": {"precision": 0.5437155517129579, "recall": 0.9490662139219015, "f1-score": 0.6913563281572075, "support": 5301}, "accuracy": 0.5771041235172284, "macro avg": {"precision": 0.6732456502173263, "recall": 0.5778031689793683, "f1-score": 0.5099532014478115, "support": 10622}, "weighted avg": {"precision": 0.6734895404423391, "recall": 0.5771041235172284, "f1-score": 0.5096116402979163, "support": 10622}}, "spsz": {"bckg": {"precision": 0.6592489568845619, "recall": 0.9957983193277311, "f1-score": 0.793305439330544, "support": 476}, "spsz": {"precision": 0.6, "recall": 0.012096774193548387, "f1-score": 0.023715415019762844, "support": 248}, "accuracy": 0.6588397790055248, "macro avg": {"precision": 0.6296244784422809, "recall": 0.5039475467606398, "f1-score": 0.4085104271751534, "support": 724}, "weighted avg": {"precision": 0.6389537340843252, "recall": 0.6588397790055248, "f1-score": 0.5296889669146962, "support": 724}}, "cpsz": {"bckg": {"precision": 0.5138662316476346, "recall": 0.5563405157188273, "f1-score": 0.5342605156037992, "support": 5662}, "cpsz": {"precision": 0.333510214911117, "recall": 0.2966721737078121, "f1-score": 0.31401448913315017, "support": 4237}, "accuracy": 0.44519648449338317, "macro avg": {"precision": 0.4236882232793758, "recall": 0.4265063447133197, "f1-score": 0.4241375023684747, "support": 9899}, "weighted avg": {"precision": 0.4366697024110829, "recall": 0.44519648449338317, "f1-score": 0.43999014342922194, "support": 9899}}, "tnsz": {"bckg": {"precision": 0.5862068965517241, "recall": 0.07423580786026202, "f1-score": 0.13178294573643412, "support": 229}, "tnsz": {"precision": 0.21189591078066913, "recall": 0.8260869565217391, "f1-score": 0.33727810650887574, "support": 69}, "accuracy": 0.2483221476510067, "macro avg": {"precision": 0.3990514036661966, "recall": 0.45016138219100055, "f1-score": 0.23453052612265493, "support": 298}, "weighted avg": {"precision": 0.49953757434298995, "recall": 0.2483221476510067, "f1-score": 0.17936404000924777, "support": 298}}, "tcsz": {"bckg": {"precision": 0.7462462462462462, "recall": 0.9613152804642167, "f1-score": 0.8402366863905325, "support": 517}, "tcsz": {"precision": 0.9303135888501742, "recall": 0.6123853211009175, "f1-score": 0.7385892116182573, "support": 436}, "accuracy": 0.8016789087093389, "macro avg": {"precision": 0.8382799175482103, "recall": 0.7868503007825671, "f1-score": 0.7894129490043948, "support": 953}, "weighted avg": {"precision": 0.8304575383504567, "recall": 0.8016789087093389, "f1-score": 0.7937327000309187, "support": 953}}}