{"fnsz": {"bckg": {"precision": 0.9779951100244498, "recall": 0.4371584699453552, "f1-score": 0.6042296072507553, "support": 1830}, "fnsz": {"precision": 0.7363031233998976, "recall": 0.9937802349689012, "f1-score": 0.8458823529411765, "support": 2894}, "accuracy": 0.7781541066892464, "macro avg": {"precision": 0.8571491167121736, "recall": 0.7154693524571282, "f1-score": 0.725055980095966, "support": 4724}, "weighted avg": {"precision": 0.8299306288027195, "recall": 0.7781541066892464, "f1-score": 0.7522700488316357, "support": 4724}}, "gnsz": {"bckg": {"precision": 0.6203007518796992, "recall": 0.8384146341463414, "f1-score": 0.7130509939498704, "support": 2952}, "gnsz": {"precision": 0.6926546391752577, "recall": 0.41505791505791506, "f1-score": 0.5190729116368904, "support": 2590}, "accuracy": 0.6405629736557199, "macro avg": {"precision": 0.6564776955274785, "recall": 0.6267362746021282, "f1-score": 0.6160619527933804, "support": 5542}, "weighted avg": {"precision": 0.6541146400239606, "recall": 0.6405629736557199, "f1-score": 0.6223972167592139, "support": 5542}}, "cpsz": {"bckg": {"precision": 0.6548808608762491, "recall": 0.6232626188734455, "f1-score": 0.6386806596701649, "support": 1367}, "cpsz": {"precision": 0.6142322097378277, "recall": 0.6461780929866037, "f1-score": 0.6298003072196621, "support": 1269}, "accuracy": 0.6342943854324734, "macro avg": {"precision": 0.6345565353070384, "recall": 0.6347203559300245, "f1-score": 0.6342404834449135, "support": 2636}, "weighted avg": {"precision": 0.6353121437690197, "recall": 0.6342943854324734, "f1-score": 0.6344055582818159, "support": 2636}}, "absz": {"bckg": {"precision": 0.9979508196721312, "recall": 0.8943985307621671, "f1-score": 0.9433414043583536, "support": 1089}, "absz": {"precision": 0.5436507936507936, "recall": 0.9856115107913669, "f1-score": 0.7007672634271099, "support": 139}, "accuracy": 0.9047231270358306, "macro avg": {"precision": 0.7708008066614624, "recall": 0.940005020776767, "f1-score": 0.8220543338927317, "support": 1228}, "weighted avg": {"precision": 0.9465276082576638, "recall": 0.9047231270358306, "f1-score": 0.9158839079500124, "support": 1228}}, "tcsz": {"bckg": {"precision": 0.9917695473251029, "recall": 1.0, "f1-score": 0.9958677685950413, "support": 723}, "tcsz": {"precision": 1.0, "recall": 0.988929889298893, "f1-score": 0.9944341372912803, "support": 542}, "accuracy": 0.9952569169960475, "macro avg": {"precision": 0.9958847736625515, "recall": 0.9944649446494465, "f1-score": 0.9951509529431608, "support": 1265}, "weighted avg": {"precision": 0.9952959547162447, "recall": 0.9952569169960475, "f1-score": 0.995253517079912, "support": 1265}}, "mysz": {"bckg": {"precision": 0.9904912836767037, "recall": 0.9952229299363057, "f1-score": 0.9928514694201749, "support": 628}, "mysz": {"precision": 0.9950248756218906, "recall": 0.9900990099009901, "f1-score": 0.9925558312655087, "support": 606}, "accuracy": 0.9927066450567261, "macro avg": {"precision": 0.9927580796492972, "recall": 0.9926609699186479, "f1-score": 0.9927036503428418, "support": 1234}, "weighted avg": {"precision": 0.9927176667551342, "recall": 0.9927066450567261, "f1-score": 0.99270628569106, "support": 1234}}}