{"fnsz": {"bckg": {"precision": 0.9559014267185474, "recall": 0.4027322404371585, "f1-score": 0.5667051134179162, "support": 1830}, "fnsz": {"precision": 0.723501138375917, "recall": 0.9882515549412578, "f1-score": 0.8354023659997079, "support": 2894}, "accuracy": 0.7614309906858594, "macro avg": {"precision": 0.8397012825472322, "recall": 0.6954918976892082, "f1-score": 0.701053739708812, "support": 4724}, "weighted avg": {"precision": 0.813529192496792, "recall": 0.7614309906858594, "f1-score": 0.7313134641739927, "support": 4724}}, "gnsz": {"bckg": {"precision": 0.6145915939730373, "recall": 0.7876016260162602, "f1-score": 0.690423162583519, "support": 2952}, "gnsz": {"precision": 0.6435474701534963, "recall": 0.43706563706563706, "f1-score": 0.5205794435502414, "support": 2590}, "accuracy": 0.6237820281486828, "macro avg": {"precision": 0.6290695320632669, "recall": 0.6123336315409487, "f1-score": 0.6055013030668802, "support": 5542}, "weighted avg": {"precision": 0.6281238421338797, "recall": 0.6237820281486828, "f1-score": 0.6110483462182739, "support": 5542}}, "cpsz": {"bckg": {"precision": 0.6355685131195336, "recall": 0.6378931967812729, "f1-score": 0.6367287331142754, "support": 1367}, "cpsz": {"precision": 0.6083860759493671, "recall": 0.6059889676910953, "f1-score": 0.6071851559415714, "support": 1269}, "accuracy": 0.6225341426403642, "macro avg": {"precision": 0.6219772945344504, "recall": 0.6219410822361842, "f1-score": 0.6219569445279234, "support": 2636}, "weighted avg": {"precision": 0.6224825826305573, "recall": 0.6225341426403642, "f1-score": 0.6225061233145176, "support": 2636}}, "absz": {"bckg": {"precision": 0.9977802441731409, "recall": 0.8255280073461891, "f1-score": 0.9035175879396984, "support": 1089}, "absz": {"precision": 0.41896024464831805, "recall": 0.9856115107913669, "f1-score": 0.5879828326180258, "support": 139}, "accuracy": 0.8436482084690554, "macro avg": {"precision": 0.7083702444107295, "recall": 0.905569759068778, "f1-score": 0.745750210278862, "support": 1228}, "weighted avg": {"precision": 0.932262345204126, "recall": 0.8436482084690554, "f1-score": 0.8678015203584993, "support": 1228}}, "tcsz": {"bckg": {"precision": 0.9903713892709766, "recall": 0.995850622406639, "f1-score": 0.993103448275862, "support": 723}, "tcsz": {"precision": 0.9944237918215614, "recall": 0.9870848708487084, "f1-score": 0.9907407407407407, "support": 542}, "accuracy": 0.9920948616600791, "macro avg": {"precision": 0.992397590546269, "recall": 0.9914677466276738, "f1-score": 0.9919220945083014, "support": 1265}, "weighted avg": {"precision": 0.9921076755811875, "recall": 0.9920948616600791, "f1-score": 0.9920911261540946, "support": 1265}}, "mysz": {"bckg": {"precision": 0.9307086614173228, "recall": 0.9410828025477707, "f1-score": 0.9358669833729216, "support": 628}, "mysz": {"precision": 0.9382303839732888, "recall": 0.9273927392739274, "f1-score": 0.9327800829875519, "support": 606}, "accuracy": 0.9343598055105349, "macro avg": {"precision": 0.9344695226953058, "recall": 0.934237770910849, "f1-score": 0.9343235331802368, "support": 1234}, "weighted avg": {"precision": 0.9344024733046123, "recall": 0.9343598055105349, "f1-score": 0.9343510501204629, "support": 1234}}}