{"fnsz": {"bckg": {"precision": 0.9144781144781144, "recall": 0.6546155700168715, "f1-score": 0.7630285152409045, "support": 4149}, "fnsz": {"precision": 0.7806856443220079, "recall": 0.9525676937441643, "f1-score": 0.858104129867945, "support": 5355}, "accuracy": 0.8224957912457912, "macro avg": {"precision": 0.8475818794000611, "recall": 0.8035916318805179, "f1-score": 0.8105663225544248, "support": 9504}, "weighted avg": {"precision": 0.839093152600384, "recall": 0.8224957912457912, "f1-score": 0.8165985821945874, "support": 9504}}, "gnsz": {"bckg": {"precision": 0.7151576805696847, "recall": 0.2642360458560421, "f1-score": 0.38589268560450113, "support": 5321}, "gnsz": {"precision": 0.5477125693160814, "recall": 0.894359554800981, "f1-score": 0.6793723579565809, "support": 5301}, "accuracy": 0.5787045754095274, "macro avg": {"precision": 0.631435124942883, "recall": 0.5792978003285115, "f1-score": 0.532632521780541, "support": 10622}, "weighted avg": {"precision": 0.6315927648518018, "recall": 0.5787045754095274, "f1-score": 0.5323562276058545, "support": 10622}}, "spsz": {"bckg": {"precision": 0.6598746081504702, "recall": 0.884453781512605, "f1-score": 0.755834829443447, "support": 476}, "spsz": {"precision": 0.36046511627906974, "recall": 0.125, "f1-score": 0.18562874251497005, "support": 248}, "accuracy": 0.6243093922651933, "macro avg": {"precision": 0.5101698622147699, "recall": 0.5047268907563025, "f1-score": 0.47073178597920856, "support": 724}, "weighted avg": {"precision": 0.5573144507138579, "recall": 0.6243093922651933, "f1-score": 0.5605156173463997, "support": 724}}, "cpsz": {"bckg": {"precision": 0.49753607884547696, "recall": 0.49929353585305547, "f1-score": 0.4984132581100141, "support": 5662}, "cpsz": {"precision": 0.3277211287645245, "recall": 0.3261741798442294, "f1-score": 0.3269458244617932, "support": 4237}, "accuracy": 0.42519446408728157, "macro avg": {"precision": 0.41262860380500077, "recall": 0.41273385784864247, "f1-score": 0.4126795412859037, "support": 9899}, "weighted avg": {"precision": 0.4248513689259906, "recall": 0.42519446408728157, "f1-score": 0.42502124716269496, "support": 9899}}, "tnsz": {"bckg": {"precision": 0.7, "recall": 0.09170305676855896, "f1-score": 0.16216216216216217, "support": 229}, "tnsz": {"precision": 0.22388059701492538, "recall": 0.8695652173913043, "f1-score": 0.35608308605341243, "support": 69}, "accuracy": 0.27181208053691275, "macro avg": {"precision": 0.46194029850746265, "recall": 0.48063413707993163, "f1-score": 0.2591226241077873, "support": 298}, "weighted avg": {"precision": 0.589757587899429, "recall": 0.27181208053691275, "f1-score": 0.207063315680606, "support": 298}}, "tcsz": {"bckg": {"precision": 0.7345890410958904, "recall": 0.8297872340425532, "f1-score": 0.7792915531335151, "support": 517}, "tcsz": {"precision": 0.7615176151761518, "recall": 0.6444954128440367, "f1-score": 0.6981366459627328, "support": 436}, "accuracy": 0.74501573976915, "macro avg": {"precision": 0.7480533281360211, "recall": 0.7371413234432949, "f1-score": 0.738714099548124, "support": 953}, "weighted avg": {"precision": 0.7469089343791999, "recall": 0.74501573976915, "f1-score": 0.7421629702096314, "support": 953}}}